comments,downvotes,upvotes,_id,coin,description,id,isSelf,subreddit,publishedAt,score,title,url,hotness,activityHotness,updatedAt,createdAt,__v
33,0,54,5f5f7f498aad840017ae829d,59cb5a047ab17a0b2ec00edf,,islwh9,False,Ripple,2020-09-14T14:28:09.000Z,2,Ripple's Top Executive Says Transnational Payments About to Transform While Ripple Intends to Set Up New ODL Corridors,https://cryptocontrol.io/r/api/reddit/5f5f7f498aad840017ae829d?ref=5f5ffe6559e3200017b06c42,74078.05109939048,4.639571612705423,2020-09-15T07:24:03.289Z,2020-09-14T14:33:45.803Z,0
1,0,2,5f603f8a8d1375001b7190d3,59cb5a047ab17a0b2ec00edf,"Hello! It's Tuesday. Welcome to our daily discussion thread.


You can discuss anything related to Ripple and XRP here.

Before posting, read the r/Ripple rules on the sidebar and also check out the thread containing helpful links: https://redd.it/7l94ng

If you see any rule-breaking content, please report by contacting the moderator team [modmail](https://www.reddit.com/message/compose?to=%2Fr%2FRipple)


We now have an official discord channel dedicated to r/Ripple: [discord.gg/7Bv2rYf](https:",it1cfs,True,Ripple,2020-09-15T04:04:06.000Z,1,Daily Ripple/XRP Discussion Thread 09/15/20 [Join Our Discord] invite link: discord.gg/7Bv2rYf,https://cryptocontrol.io/r/api/reddit/5f603f8a8d1375001b7190d3?ref=5f5ffe6559e3200017b06c42,74076.93081852405,1.252762968495368,2020-09-15T06:44:05.190Z,2020-09-15T04:14:02.663Z,0
34,0,14,5f5eedf9e3182c00179f8dd9,59cb5a047ab17a0b2ec00edf,"Hello! It's Monday. Welcome to our daily discussion thread.


You can discuss anything related to Ripple and XRP here.

Before posting, read the r/Ripple rules on the sidebar and also check out the thread containing helpful links: https://redd.it/7l94ng

If you see any rule-breaking content, please report by contacting the moderator team [modmail](https://www.reddit.com/message/compose?to=%2Fr%2FRipple)


We now have an official discord channel dedicated to r/Ripple: [discord.gg/7Bv2rYf](https:/",isdn33,True,Ripple,2020-09-14T04:04:18.000Z,1,Daily Ripple/XRP Discussion Thread 09/14/20 [Join Our Discord] invite link: discord.gg/7Bv2rYf,https://cryptocontrol.io/r/api/reddit/5f5eedf9e3182c00179f8dd9?ref=5f5ffe6559e3200017b06c42,74075.85299838101,4.174387269895637,2020-09-15T07:24:03.290Z,2020-09-14T04:13:45.587Z,0
3,0,0,5f5f9dc29b97cb001a47f8f1,59cb5a047ab17a0b2ec00edf,,isogcw,False,Ripple,2020-09-14T16:34:47.000Z,0,Uneducated economist has learned of XRP.,https://cryptocontrol.io/r/api/reddit/5f5f9dc29b97cb001a47f8f1?ref=5f5ffe6559e3200017b06c42,74075.26736443382,1.5040773967762742,2020-09-14T18:43:43.602Z,2020-09-14T16:43:46.691Z,0
13,0,12,5f5ec1711213790019ac95b3,59cb5a047ab17a0b2ec00edf,"So I followed the steps to link my ETH address with my XRP using XUMM. I think it’s all working, but when it prompts me to accept in the last step (the one it shows your MessageKey that starts with 02 and a bunch of 0s then your ETH address) I noticed that the ETH address is all in capital letter while the address I used contains lower letters. Is it normal? Just want to make sure before I accept.",isap9n,True,Ripple,2020-09-14T00:56:18.000Z,1,Link XRP with ETH using XUMM,https://cryptocontrol.io/r/api/reddit/5f5ec1711213790019ac95b3?ref=5f5ffe6559e3200017b06c42,74074.60637643472,3.449987545831587,2020-09-15T07:14:03.263Z,2020-09-14T01:03:45.877Z,0
35,0,27,5f5d9b4774ff0800176c7f77,59cb5a047ab17a0b2ec00edf,"Hello! It's Sunday. Welcome to our daily discussion thread.


You can discuss anything related to Ripple and XRP here.

Before posting, read the r/Ripple rules on the sidebar and also check out the thread containing helpful links: https://redd.it/7l94ng

If you see any rule-breaking content, please report by contacting the moderator team [modmail](https://www.reddit.com/message/compose?to=%2Fr%2FRipple)


We now have an official discord channel dedicated to r/Ripple: [discord.gg/7Bv2rYf](https:/",irreai,True,Ripple,2020-09-13T04:04:05.000Z,1,Daily Ripple/XRP Discussion Thread 09/13/20 [Join Our Discord] invite link: discord.gg/7Bv2rYf,https://cryptocontrol.io/r/api/reddit/5f5d9b4774ff0800176c7f77?ref=5f5ffe6559e3200017b06c42,74072.05376628091,4.375757021660286,2020-09-15T07:24:03.097Z,2020-09-13T04:08:39.459Z,0
17,0,9,5f5cdf9fd7a32d001968913b,59cb5a047ab17a0b2ec00edf,"Does anyone know if an ETH address can be created using a Ledger Nano S and Ledger Live? If so, how would you see it?  I can't find my XRP address and I am hoping I am missing something.

Thanks.",irds62,True,Ripple,2020-09-12T14:41:52.000Z,1,Creating an ETH address for Spark tokens,https://cryptocontrol.io/r/api/reddit/5f5cdf9fd7a32d001968913b?ref=5f5ffe6559e3200017b06c42,74068.99058895366,3.5409593240373143,2020-09-14T14:33:45.910Z,2020-09-12T14:47:59.183Z,0
3,0,8,5f5cd190d7a32d0019680e63,59cb5a047ab17a0b2ec00edf,,ircvlx,False,Ripple,2020-09-12T13:46:43.000Z,1,Ripple Loan Calculator | Bitcompare,https://cryptocontrol.io/r/api/reddit/5f5cd190d7a32d0019680e63?ref=5f5ffe6559e3200017b06c42,74067.82216382949,2.5257286443082556,2020-09-15T07:24:03.289Z,2020-09-12T13:48:00.269Z,0
16,0,10,5f5c5d713023eb001781dd93,59cb5a047ab17a0b2ec00edf,"Hello! It's Saturday. Welcome to our daily discussion thread.


You can discuss anything related to Ripple and XRP here.

Before posting, read the r/Ripple rules on the sidebar and also check out the thread containing helpful links: https://redd.it/7l94ng

If you see any rule-breaking content, please report by contacting the moderator team [modmail](https://www.reddit.com/message/compose?to=%2Fr%2FRipple)


We now have an official discord channel dedicated to r/Ripple: [discord.gg/7Bv2rYf](https",ir5s3z,True,Ripple,2020-09-12T04:04:05.000Z,1,Daily Ripple/XRP Discussion Thread 09/12/20 [Join Our Discord] invite link: discord.gg/7Bv2rYf,https://cryptocontrol.io/r/api/reddit/5f5c5d713023eb001781dd93?ref=5f5ffe6559e3200017b06c42,74067.20436978387,3.5263605246161616,2020-09-15T06:34:01.466Z,2020-09-12T05:32:33.112Z,0
63,0,92,5f5b893518f53b00191e315e,59cb5a047ab17a0b2ec00edf,,iqrbo2,False,Ripple,2020-09-11T14:17:15.000Z,1,Ripple: CryptoWhale predicts 'XRP will skyrocket due to US regulation',https://cryptocontrol.io/r/api/reddit/5f5b893518f53b00191e315e?ref=5f5ffe6559e3200017b06c42,74066.60968123909,5.2284312390838705,2020-09-15T07:24:03.289Z,2020-09-11T14:27:01.404Z,0
14,0,2,5f5bb10c24e06a001739e714,59cb5a047ab17a0b2ec00edf,"I tucked away my Ledger Nano S and only just pulled it out to update the firmware.  I noticed a few microtransactions in January and February of 2020 which are not mine.  We are talking about deposits of 0.000288 XRP for example.

Any idea what these could be from?  

The next question is how do I verify the authenticity of my Nano?  I generated my own seed phrase and the pin is mine. I also successfully updated to firmware 1.6.1.

Thanks.",iqujy9,True,Ripple,2020-09-11T17:02:44.000Z,1,Weird deposits to my XRP account,https://cryptocontrol.io/r/api/reddit/5f5bb10c24e06a001739e714?ref=5f5ffe6559e3200017b06c42,74064.97642014184,3.1354942159291497,2020-09-14T14:03:49.882Z,2020-09-11T17:17:00.784Z,0
24,0,10,5f5af7e7559eb20019009ec6,59cb5a047ab17a0b2ec00edf,"Hello! It's Friday. Welcome to our daily discussion thread.


You can discuss anything related to Ripple and XRP here.

Before posting, read the r/Ripple rules on the sidebar and also check out the thread containing helpful links: https://redd.it/7l94ng

If you see any rule-breaking content, please report by contacting the moderator team [modmail](https://www.reddit.com/message/compose?to=%2Fr%2FRipple)


We now have an official discord channel dedicated to r/Ripple: [discord.gg/7Bv2rYf](https:/",iqjfe6,True,Ripple,2020-09-11T04:04:09.000Z,1,Daily Ripple/XRP Discussion Thread 09/11/20 [Join Our Discord] invite link: discord.gg/7Bv2rYf,https://cryptocontrol.io/r/api/reddit/5f5af7e7559eb20019009ec6?ref=5f5ffe6559e3200017b06c42,74063.50683584093,3.828641396489095,2020-09-15T07:24:03.290Z,2020-09-11T04:07:03.163Z,0
42,0,32,5f5a1234c13ab50019896c89,59cb5a047ab17a0b2ec00edf,"Why do I want it?

When do I do it?

Is there a deadline?

What are the risks?

I simply don’t understand it as well as some of you. And I believe there are many people with the same questions!",iq1qmb,True,Ripple,2020-09-10T11:44:59.000Z,1,Can someone please explain the benefits of Spark tokens?,https://cryptocontrol.io/r/api/reddit/5f5a1234c13ab50019896c89?ref=5f5ffe6559e3200017b06c42,74061.51216392864,4.553876891600541,2020-09-15T07:24:03.289Z,2020-09-10T11:47:00.680Z,0
50,0,10,5f59a668353f0f00190aa06f,59cb5a047ab17a0b2ec00edf,"Hello! It's Thursday. Welcome to our daily discussion thread.


You can discuss anything related to Ripple and XRP here.

Before posting, read the r/Ripple rules on the sidebar and also check out the thread containing helpful links: https://redd.it/7l94ng

If you see any rule-breaking content, please report by contacting the moderator team [modmail](https://www.reddit.com/message/compose?to=%2Fr%2FRipple)


We now have an official discord channel dedicated to r/Ripple: [discord.gg/7Bv2rYf](https",ipw4wo,True,Ripple,2020-09-10T04:04:05.000Z,1,Daily Ripple/XRP Discussion Thread 09/10/20 [Join Our Discord] invite link: discord.gg/7Bv2rYf,https://cryptocontrol.io/r/api/reddit/5f59a668353f0f00190aa06f?ref=5f5ffe6559e3200017b06c42,74060.12066051575,4.442651256490317,2020-09-15T07:24:03.289Z,2020-09-10T04:07:04.571Z,0
0,0,1,5f5b1d670ba3de0019af1ac9,59cb5a047ab17a0b2ec00edf,,iqlflc,False,Ripple,2020-09-11T06:40:11.000Z,1,Crypto teligram chat group CC chat,https://cryptocontrol.io/r/api/reddit/5f5b1d670ba3de0019af1ac9?ref=5f5ffe6559e3200017b06c42,74060.11162037037,0.0,2020-09-11T06:47:04.094Z,2020-09-11T06:47:04.094Z,0
17,0,15,5f59afc407ce50001775ec3c,59cb5a047ab17a0b2ec00edf,"my question is this: if there aren't a whole lot of wallets that have openly claimed to support the token and only a few exchanges so far, once the tokens are dispersed to the accounts of the various xrp holders, where do the tokens go?

For example, the xumm wallet is only for xrp and the MEW is only for ETH (and erc20's) so if you used that method to claim, how would you even get to your spark tokens or see how many you have or do anything with them at all if there's no way to do that?.. I kno",ipwm13,True,Ripple,2020-09-10T04:37:58.000Z,1,XRP and Claiming Spark,https://cryptocontrol.io/r/api/reddit/5f59afc407ce50001775ec3c?ref=5f5ffe6559e3200017b06c42,74059.47343160375,3.7013019741124933,2020-09-15T07:24:03.289Z,2020-09-10T04:47:00.473Z,0
17,0,43,5f58e3cbf81644001862fed8,59cb5a047ab17a0b2ec00edf,,ipgjn3,False,Ripple,2020-09-09T14:08:23.000Z,1,"Crypto Startup Flare Outlines Plan to Bring Smart Contracts to XRP, Says Bitcoin and Litecoin May be Next",https://cryptocontrol.io/r/api/reddit/5f58e3cbf81644001862fed8?ref=5f5ffe6559e3200017b06c42,74057.58345411564,4.22683374526818,2020-09-15T07:24:03.290Z,2020-09-09T14:16:43.580Z,0
0,0,18,5f59243d8bdd6800172de501,59cb5a047ab17a0b2ec00edf,,ipltkb,False,Ripple,2020-09-09T18:25:13.000Z,1,The role of blockchain and digital assets in cross-border payments,https://cryptocontrol.io/r/api/reddit/5f59243d8bdd6800172de501?ref=5f5ffe6559e3200017b06c42,74056.9604180542,2.8903717578961645,2020-09-15T07:24:03.289Z,2020-09-09T18:51:41.447Z,0
8,0,40,5f5861bb5bcaa2001855c4f0,59cb5a047ab17a0b2ec00edf,,ip9rnq,False,Ripple,2020-09-09T05:01:23.000Z,1,"Flare CEO Talks Spark Token for XRP holders, the Purpose, Use Cases, Ethereum, Securitize &amp;amp; More",https://cryptocontrol.io/r/api/reddit/5f5861bb5bcaa2001855c4f0?ref=5f5ffe6559e3200017b06c42,74055.78841964451,3.9512437185814275,2020-09-15T07:24:03.290Z,2020-09-09T05:01:47.678Z,0
27,0,11,5f5854d45bcaa20018554243,59cb5a047ab17a0b2ec00edf,"Hello! It's Wednesday. Welcome to our daily discussion thread.


You can discuss anything related to Ripple and XRP here.

Before posting, read the r/Ripple rules on the sidebar and also check out the thread containing helpful links: https://redd.it/7l94ng

If you see any rule-breaking content, please report by contacting the moderator team [modmail](https://www.reddit.com/message/compose?to=%2Fr%2FRipple)


We now have an official discord channel dedicated to r/Ripple: [discord.gg/7Bv2rYf](http",ip9005,True,Ripple,2020-09-09T04:04:05.000Z,1,Daily Ripple/XRP Discussion Thread 09/09/20 [Join Our Discord] invite link: discord.gg/7Bv2rYf,https://cryptocontrol.io/r/api/reddit/5f5854d45bcaa20018554243?ref=5f5ffe6559e3200017b06c42,74055.61959106692,3.9415818076696905,2020-09-15T07:24:03.289Z,2020-09-09T04:06:44.237Z,0
0,0,1,5f5950d8700c87001819e07d,59cb5a047ab17a0b2ec00edf,"Hi all!

I was hoping someone can advise on what has to be done to be part of the snapshot for the Spark token airdrop if using a Ledger Nano S? 

I have seen the article on using a tool for XUMM and XRPToolkit to denote a 'MessageKey' to your ETH address on your Ledger.

What I'm confused by is why an ETH address?? I saw on Twitter that the tokens won't go to ETH addresses. Where exactly do the tokens go? It's very confusing.......Thanks!",ipq3nh,True,Ripple,2020-09-09T21:54:46.000Z,1,Does anyone know how this Spark token claim is going to occur or what needs to be done??,https://cryptocontrol.io/r/api/reddit/5f5950d8700c87001819e07d?ref=5f5ffe6559e3200017b06c42,74054.65212962963,0.0,2020-09-09T22:02:00.486Z,2020-09-09T22:02:00.486Z,0
54,0,29,5f5704803402bd0017a83324,59cb5a047ab17a0b2ec00edf,"Hello! It's Tuesday. Welcome to our daily discussion thread.


You can discuss anything related to Ripple and XRP here.

Before posting, read the r/Ripple rules on the sidebar and also check out the thread containing helpful links: https://redd.it/7l94ng

If you see any rule-breaking content, please report by contacting the moderator team [modmail](https://www.reddit.com/message/compose?to=%2Fr%2FRipple)


We now have an official discord channel dedicated to r/Ripple: [discord.gg/7Bv2rYf](https:",iomsol,True,Ripple,2020-09-08T04:04:11.000Z,2,Daily Ripple/XRP Discussion Thread 09/08/20 [Join Our Discord] invite link: discord.gg/7Bv2rYf,https://cryptocontrol.io/r/api/reddit/5f5704803402bd0017a83324?ref=5f5ffe6559e3200017b06c42,74052.37876740283,4.700480365792417,2020-09-15T07:14:03.263Z,2020-09-08T04:11:44.760Z,0
1,0,0,5f57a768889f8900173a9085,59cb5a047ab17a0b2ec00edf,"Hi
So I’m fairly new to crypto but Ripple have gained my focus for some time now.
Right now I’m buying it on Revolut but I read that there are few better options then this. 
As I have my own business which I’m building right now I don’t have so much time to read and look for the info by myself. That’s why if you have some tips and directions or trustworthy web page I would really love to look at it.

Thanks from the mountain",iovyu9,True,Ripple,2020-09-08T15:45:58.000Z,1,An interesting title,https://cryptocontrol.io/r/api/reddit/5f57a768889f8900173a9085?ref=5f5ffe6559e3200017b06c42,74050.0331502933,0.4054651081081644,2020-09-08T16:16:46.877Z,2020-09-08T15:46:48.991Z,0
39,0,15,5f55c0b5065675001a8342c4,59cb5a047ab17a0b2ec00edf,"Hello! It's Monday. Welcome to our daily discussion thread.


You can discuss anything related to Ripple and XRP here.

Before posting, read the r/Ripple rules on the sidebar and also check out the thread containing helpful links: https://redd.it/7l94ng

If you see any rule-breaking content, please report by contacting the moderator team [modmail](https://www.reddit.com/message/compose?to=%2Fr%2FRipple)


We now have an official discord channel dedicated to r/Ripple: [discord.gg/7Bv2rYf](https:/",io0jmi,True,Ripple,2020-09-07T04:04:06.000Z,1,Daily Ripple/XRP Discussion Thread 09/07/20 [Join Our Discord] invite link: discord.gg/7Bv2rYf,https://cryptocontrol.io/r/api/reddit/5f55c0b5065675001a8342c4?ref=5f5ffe6559e3200017b06c42,74047.97534096178,4.297285406218791,2020-09-15T07:24:03.290Z,2020-09-07T05:10:13.387Z,0
35,0,18,5f545fe7a92f7700191d9160,59cb5a047ab17a0b2ec00edf,"Hello! It's Sunday. Welcome to our daily discussion thread.


You can discuss anything related to Ripple and XRP here.

Before posting, read the r/Ripple rules on the sidebar and also check out the thread containing helpful links: https://redd.it/7l94ng

If you see any rule-breaking content, please report by contacting the moderator team [modmail](https://www.reddit.com/message/compose?to=%2Fr%2FRipple)


We now have an official discord channel dedicated to r/Ripple: [discord.gg/7Bv2rYf](https:/",infgbu,True,Ripple,2020-09-06T04:04:06.000Z,1,Daily Ripple/XRP Discussion Thread 09/06/20 [Join Our Discord] invite link: discord.gg/7Bv2rYf,https://cryptocontrol.io/r/api/reddit/5f545fe7a92f7700191d9160?ref=5f5ffe6559e3200017b06c42,74043.93366826538,4.255612709818223,2020-09-15T07:24:03.289Z,2020-09-06T04:04:55.522Z,0
49,0,23,5f530f918e8a8a001a9ffda1,59cb5a047ab17a0b2ec00edf,"Hello! It's Saturday. Welcome to our daily discussion thread.


You can discuss anything related to Ripple and XRP here.

Before posting, read the r/Ripple rules on the sidebar and also check out the thread containing helpful links: https://redd.it/7l94ng

If you see any rule-breaking content, please report by contacting the moderator team [modmail](https://www.reddit.com/message/compose?to=%2Fr%2FRipple)


We now have an official discord channel dedicated to r/Ripple: [discord.gg/7Bv2rYf](https",imun6v,True,Ripple,2020-09-05T04:04:06.000Z,1,Daily Ripple/XRP Discussion Thread 09/05/20 [Join Our Discord] invite link: discord.gg/7Bv2rYf,https://cryptocontrol.io/r/api/reddit/5f530f918e8a8a001a9ffda1?ref=5f5ffe6559e3200017b06c42,74040.2475985639,4.56954300834494,2020-09-15T07:14:03.263Z,2020-09-05T04:09:53.855Z,0
0,0,1,5f545b36a92f7700191d5dd2,59cb5a047ab17a0b2ec00edf,,inf3xm,False,Ripple,2020-09-06T03:38:12.000Z,0,Flare Manufactured Hate?,https://cryptocontrol.io/r/api/reddit/5f545b36a92f7700191d5dd2?ref=5f5ffe6559e3200017b06c42,74039.6061111111,0.0,2020-09-06T04:19:55.889Z,2020-09-06T03:44:54.491Z,0
0,0,3,5f53aef2a804db001a040373,59cb5a047ab17a0b2ec00edf,"Just sharing a list of Telegram channels that I personally use. Feel free to add-on.

**Trading:**

* @GoldenTrades (Signals and strategies explanation)
* @cryptoninjacoach (Cripto signals)
* @Share\_market\_Trading\_Tipss (Tips)

**Business:**

* @entrepreneurialjourney (Group for sharing thoughts about startups)
* @startupsi (Business ideas)
* @wallstreetjournal\_news (World economy)",in2zrj,True,Ripple,2020-09-05T15:27:03.000Z,1,Compilation of useful Crypto (XRP) / Trading Telegram channels,https://cryptocontrol.io/r/api/reddit/5f53aef2a804db001a040373?ref=5f5ffe6559e3200017b06c42,74038.67375117756,1.0986122886681096,2020-09-05T16:09:54.776Z,2020-09-05T15:29:54.264Z,0
3,0,0,5f536afdf7c1000019e6f9e3,59cb5a047ab17a0b2ec00edf,,imyzlx,False,Ripple,2020-09-05T10:35:14.000Z,1,XRP Holders Anonymous Survey - How many XRP do you hold right now?,https://cryptocontrol.io/r/api/reddit/5f536afdf7c1000019e6f9e3?ref=5f5ffe6559e3200017b06c42,74038.26861443381,1.5040773967762742,2020-09-05T10:49:56.260Z,2020-09-05T10:39:57.763Z,0
52,0,20,5f51bce7ed386c0017cd7ec1,59cb5a047ab17a0b2ec00edf,"Hello! It's Friday. Welcome to our daily discussion thread.


You can discuss anything related to Ripple and XRP here.

Before posting, read the r/Ripple rules on the sidebar and also check out the thread containing helpful links: https://redd.it/7l94ng

If you see any rule-breaking content, please report by contacting the moderator team [modmail](https://www.reddit.com/message/compose?to=%2Fr%2FRipple)


We now have an official discord channel dedicated to r/Ripple: [discord.gg/7Bv2rYf](https:/",im91dt,True,Ripple,2020-09-04T04:04:09.000Z,1,Daily Ripple/XRP Discussion Thread 09/04/20 [Join Our Discord] invite link: discord.gg/7Bv2rYf,https://cryptocontrol.io/r/api/reddit/5f51bce7ed386c0017cd7ec1?ref=5f5ffe6559e3200017b06c42,74036.26316192311,4.584967478670572,2020-09-15T07:14:03.263Z,2020-09-04T04:04:55.263Z,0
0,0,1,5f52a8731420c9001930c0b4,59cb5a047ab17a0b2ec00edf,"Hey there! We’re looking for teams that want to work on cutting edge of development. Get paid to complete end to end products; working with the best teams in the start-up industry. 

Why not use your expertise to be a part of something bigger? Email me at [royce@grupa.io](mailto:royce@grupa.io) or register on our website at [Grupa.io](http://grupa.io/)",imnxtv,True,Ripple,2020-09-04T20:45:08.000Z,1,Grupa.io is hiring blockchain teams to build full-scale products!,https://cryptocontrol.io/r/api/reddit/5f52a8731420c9001930c0b4?ref=5f5ffe6559e3200017b06c42,74034.4587037037,0.0,2020-09-04T20:49:55.871Z,2020-09-04T20:49:55.871Z,0
24,0,65,5f50b63041a3ac001846d4fd,59cb5a047ab17a0b2ec00edf,,ilq2ff,False,Ripple,2020-09-03T09:13:30.000Z,1,Why real-time cross-border payments ARE poised to breakthrough,https://cryptocontrol.io/r/api/reddit/5f50b63041a3ac001846d4fd?ref=5f5ffe6559e3200017b06c42,74033.15262051685,4.61512051684126,2020-09-15T07:24:03.289Z,2020-09-03T09:24:00.258Z,0
53,0,19,5f506d716fb433001792ac18,59cb5a047ab17a0b2ec00edf,"Hello! It's Thursday. Welcome to our daily discussion thread.


You can discuss anything related to Ripple and XRP here.

Before posting, read the r/Ripple rules on the sidebar and also check out the thread containing helpful links: https://redd.it/7l94ng

If you see any rule-breaking content, please report by contacting the moderator team [modmail](https://www.reddit.com/message/compose?to=%2Fr%2FRipple)


We now have an official discord channel dedicated to r/Ripple: [discord.gg/7Bv2rYf](https",ilme8w,True,Ripple,2020-09-03T04:04:10.000Z,2,Daily Ripple/XRP Discussion Thread 09/03/20 [Join Our Discord] invite link: discord.gg/7Bv2rYf,https://cryptocontrol.io/r/api/reddit/5f506d716fb433001792ac18?ref=5f5ffe6559e3200017b06c42,74032.26829728892,4.590056548178043,2020-09-15T03:44:04.658Z,2020-09-03T04:13:37.363Z,0
7,0,6,5f510021c59cff001aa522d7,59cb5a047ab17a0b2ec00edf,,ilt0s4,False,Ripple,2020-09-03T13:06:16.000Z,7,FedNow will run on Ripple affiliate ISO 20022 messaging,https://cryptocontrol.io/r/api/reddit/5f510021c59cff001aa522d7?ref=5f5ffe6559e3200017b06c42,74031.98743445498,2.803360380906535,2020-09-03T14:54:39.077Z,2020-09-03T14:39:29.808Z,0
33,0,22,5f4fb0a8cefbac0017e82994,59cb5a047ab17a0b2ec00edf,"
Hi, apologies if there is another thread on this but I can't find it. I currently hold some XRP on exchange (yes I know I shouldn't), is there a list anywhere of exchanges that will be supporting the snapshot/airdrop of Flare for XRP holders?

Thanks and again apologies if this has been addressed anywhere else",il7zpq,True,Ripple,2020-09-02T14:38:37.000Z,1,Which exchanges with automatically support the Flare airdrop,https://cryptocontrol.io/r/api/reddit/5f4fb0a8cefbac0017e82994?ref=5f5ffe6559e3200017b06c42,74029.71029930154,4.269697449699962,2020-09-14T14:13:43.572Z,2020-09-02T14:48:08.588Z,0
5,0,4,5f50352b6c35bb00194f216e,59cb5a047ab17a0b2ec00edf,It’s been a long time since I’ve traded anything. I’ve basically at on thing and let them be. I used to trade on gdax but gdax is no longer available? I’m looking to play around with day trading with a portion of my stack,ili2xz,True,Ripple,2020-09-02T23:25:00.000Z,0,Free trading like the old gdax?,https://cryptocontrol.io/r/api/reddit/5f50352b6c35bb00194f216e?ref=5f5ffe6559e3200017b06c42,74029.34512481315,2.4423470353692043,2020-09-14T04:03:44.976Z,2020-09-03T00:13:31.456Z,0
67,0,35,5f4f1a8966e80c00180dbaf2,59cb5a047ab17a0b2ec00edf,"Hello! It's Wednesday. Welcome to our daily discussion thread.


You can discuss anything related to Ripple and XRP here.

Before posting, read the r/Ripple rules on the sidebar and also check out the thread containing helpful links: https://redd.it/7l94ng

If you see any rule-breaking content, please report by contacting the moderator team [modmail](https://www.reddit.com/message/compose?to=%2Fr%2FRipple)


We now have an official discord channel dedicated to r/Ripple: [discord.gg/7Bv2rYf](http",ikzsn8,True,Ripple,2020-09-02T04:04:08.000Z,1,Daily Ripple/XRP Discussion Thread 09/02/20 [Join Our Discord] invite link: discord.gg/7Bv2rYf,https://cryptocontrol.io/r/api/reddit/5f4f1a8966e80c00180dbaf2?ref=5f5ffe6559e3200017b06c42,74028.58711978847,4.908971640319756,2020-09-14T00:43:43.857Z,2020-09-02T04:07:37.562Z,0
10,0,111,5f4e4542d4afca0017d5b56b,59cb5a047ab17a0b2ec00edf,,ikjofh,False,Ripple,2020-09-01T12:52:19.000Z,1,Spotify Premium Will Use Ripple Partner dLocal To Offer New Payment Alternatives in Latin America,https://cryptocontrol.io/r/api/reddit/5f4e4542d4afca0017d5b56b?ref=5f5ffe6559e3200017b06c42,74025.98160598103,4.836281906951478,2020-09-13T03:53:30.273Z,2020-09-01T12:57:38.564Z,0
39,0,48,5f4dbf98fc9723001772a195,59cb5a047ab17a0b2ec00edf,"Regularity compliance, institutional support, real world problem solving, low cost fast transactions, scalable, Flare Networks for DeFi, incoming airdrop and debunked FUD (not centralised, XRapid live). If I had to think of a perfect cryptocurrency that would moonshot I would think it would be XRP. It's no wonder there's all this fantastical lore about how it would shoot to $589 and $2000 when it has such solid fundamentals. Once Spark airdrops and if there is no XRP pump I'll probably keep it o",ikct9r,True,Ripple,2020-09-01T03:23:13.000Z,1,"Bought at the top 3 years ago, why no pump?",https://cryptocontrol.io/r/api/reddit/5f4dbf98fc9723001772a195?ref=5f5ffe6559e3200017b06c42,74024.23263572589,4.66814498514948,2020-09-12T14:37:58.372Z,2020-09-01T03:27:20.463Z,0
31,0,24,5f4dc8f73cc3be001729f39a,59cb5a047ab17a0b2ec00edf,"Hello! It's Tuesday. Welcome to our daily discussion thread.


You can discuss anything related to Ripple and XRP here.

Before posting, read the r/Ripple rules on the sidebar and also check out the thread containing helpful links: https://redd.it/7l94ng

If you see any rule-breaking content, please report by contacting the moderator team [modmail](https://www.reddit.com/message/compose?to=%2Fr%2FRipple)


We now have an official discord channel dedicated to r/Ripple: [discord.gg/7Bv2rYf](https:",ikdelv,True,Ripple,2020-09-01T04:04:10.000Z,1,Daily Ripple/XRP Discussion Thread 09/01/20 [Join Our Discord] invite link: discord.gg/7Bv2rYf,https://cryptocontrol.io/r/api/reddit/5f4dc8f73cc3be001729f39a?ref=5f5ffe6559e3200017b06c42,74023.93385345057,4.255612709818223,2020-09-12T13:38:02.066Z,2020-09-01T04:07:19.588Z,0
14,0,65,5f4d61cd5e8a8f00194cf912,59cb5a047ab17a0b2ec00edf,,ik640g,False,Ripple,2020-08-31T20:40:09.000Z,2,"Flare on Twitter, Spark Snapshot December 12th",https://cryptocontrol.io/r/api/reddit/5f4d61cd5e8a8f00194cf912?ref=5f5ffe6559e3200017b06c42,74022.89920840737,4.454347296253507,2020-09-12T03:17:24.586Z,2020-08-31T20:47:09.978Z,0
8,0,4,5f4d79449f6742001af48b3d,59cb5a047ab17a0b2ec00edf,"Hey,

i got my xrp on exodus wallet and wanted to know, if I am able to claim my flare tokens via my exodus wallet ? Also if not what is the best way to do it ? i don't wanna send my xrp to bitrue for this process.",ik81d4,True,Ripple,2020-08-31T22:23:47.000Z,1,Flare drop with exodus ?,https://cryptocontrol.io/r/api/reddit/5f4d79449f6742001af48b3d?ref=5f5ffe6559e3200017b06c42,74021.50532020371,2.772588722239781,2020-09-10T04:27:00.481Z,2020-08-31T22:27:17.379Z,0
0,0,24,5f4d480cdb6bed00197ab1b9,59cb5a047ab17a0b2ec00edf,,ik40ns,False,Ripple,2020-08-31T18:51:10.000Z,1,RippleNet User Nium Acquires License To Offer Cross-border Payments in the UK,https://cryptocontrol.io/r/api/reddit/5f4d480cdb6bed00197ab1b9?ref=5f5ffe6559e3200017b06c42,74021.32018345997,3.1780538303479458,2020-09-11T17:02:01.866Z,2020-08-31T18:57:16.488Z,0
2,0,47,5f4cf5fe3d0f9700185b722e,59cb5a047ab17a0b2ec00edf,,ijxhh6,False,Ripple,2020-08-31T12:57:49.000Z,2,Miyazaki Bank Will Participate As A Shareholder In MoneyTap,https://cryptocontrol.io/r/api/reddit/5f4cf5fe3d0f9700185b722e?ref=5f5ffe6559e3200017b06c42,74021.07262485728,3.912023005428146,2020-09-11T14:17:05.104Z,2020-08-31T13:07:10.461Z,0
0,0,10,5f4d3ea5af3b4700179a36d0,59cb5a047ab17a0b2ec00edf,,ik36q2,False,Ripple,2020-08-31T18:09:24.000Z,2,Why Unifying Payments Infrastructure Will Boost Financial Inclusion,https://cryptocontrol.io/r/api/reddit/5f4d3ea5af3b4700179a36d0?ref=5f5ffe6559e3200017b06c42,74020.32869620412,2.302585092994046,2020-09-11T03:47:01.675Z,2020-08-31T18:17:09.659Z,0
0,0,10,5f4d3548aae538001988e65e,59cb5a047ab17a0b2ec00edf,,ik2deb,False,Ripple,2020-08-31T17:27:18.000Z,2,"Ripple and the Pax Americana: Regulations, Digital Assets, and Global Affairs",https://cryptocontrol.io/r/api/reddit/5f4d3548aae538001988e65e?ref=5f5ffe6559e3200017b06c42,74020.21175175966,2.302585092994046,2020-09-10T11:37:02.979Z,2020-08-31T17:37:12.756Z,0
49,0,18,5f4c776dfd67cb001a1b6aa6,59cb5a047ab17a0b2ec00edf,"Hello! It's Monday. Welcome to our daily discussion thread.


You can discuss anything related to Ripple and XRP here.

Before posting, read the r/Ripple rules on the sidebar and also check out the thread containing helpful links: https://redd.it/7l94ng

If you see any rule-breaking content, please report by contacting the moderator team [modmail](https://www.reddit.com/message/compose?to=%2Fr%2FRipple)


We now have an official discord channel dedicated to r/Ripple: [discord.gg/7Bv2rYf](https:/",ijr6pp,True,Ripple,2020-08-31T04:04:08.000Z,1,Daily Ripple/XRP Discussion Thread 08/31/20 [Join Our Discord] invite link: discord.gg/7Bv2rYf,https://cryptocontrol.io/r/api/reddit/5f4c776dfd67cb001a1b6aa6?ref=5f5ffe6559e3200017b06c42,74020.19448712043,4.516338972281476,2020-09-10T03:57:00.685Z,2020-08-31T04:07:09.531Z,0
11,0,18,5f4c913ffd67cb001a1c4b40,59cb5a047ab17a0b2ec00edf," 

[XRP &amp; Spark Query](https://preview.redd.it/6n22oppx1ak51.png?width=1523&amp;format=png&amp;auto=webp&amp;s=5a39697276d5cc383cee05dcc6e6410103862beb)

As you can see in the image, i reached out to BTC Markets, which is probably tier 1 exchange down under, to understand their strategy and to push to receive Spark on the exchange. This is the response i've received. **Any suggestions welcome for my response.**

I cant force it, but the members of this forum, would it be worth reaching out t",ijskrw,True,Ripple,2020-08-31T05:53:40.000Z,2,BTC Markets - Australia - XRP &amp; Spark,https://cryptocontrol.io/r/api/reddit/5f4c913ffd67cb001a1c4b40?ref=5f5ffe6559e3200017b06c42,74019.52336673145,3.5409593240373143,2020-08-31T12:27:11.759Z,2020-08-31T05:57:19.678Z,0
6,0,0,5f4c418799f16f001ae9f817,59cb5a047ab17a0b2ec00edf,"Just to confirm have followed all the steps on Weiss so now I am awaiting the coins to be sent to my Ledger Nano after a certain release date? 
And on that will they be sent to ledger live automatically or will I have to log in again just after this release date for the coins to be sent?
Thanks in advance",ijnoxr,True,Ripple,2020-08-31T00:10:04.000Z,2,Spark on Nano S,https://cryptocontrol.io/r/api/reddit/5f4c418799f16f001ae9f817?ref=5f5ffe6559e3200017b06c42,74017.2251875403,2.1972245773362196,2020-09-09T17:51:44.485Z,2020-08-31T00:17:12.057Z,0
0,0,8,5f4c488d15658e00190abc84,59cb5a047ab17a0b2ec00edf,"Hi, I'm looking for a fiat offramp/on ramp for buying and selling XRP. I've heard of Simplex before but I haven't used their products, this looks really interesting: https://www.simplex.com/account/

Has anyone in this community used it before? I'd love to hear what you thought of it, and give it a go myself.",ijo5c0,True,Ripple,2020-08-31T00:39:32.000Z,2,Has anyone used Simplex's crypto bank account to buy/sell Ripple?,https://cryptocontrol.io/r/api/reddit/5f4c488d15658e00190abc84?ref=5f5ffe6559e3200017b06c42,74017.18925635649,2.0794415416798357,2020-08-31T01:37:14.258Z,2020-08-31T00:47:09.562Z,0
